{
    "orderFulfillmentStatus": {
        "CancelPending": "Cancel Pending",
        "held": "Held",
        "completed": "Completed",
        "pendingDemandCreation": "Pending Demand Creation"
    },
    "subGroupFulfillmentStatus": {
        "backordered": "Backordered",
        "held": "Held",
        "cancelPending": "Cancel Pending",
        "cancelled": "Cancelled",
        "shipped": "Shipped",
        "shipRequestSent": "Ship Request Sent",
        "deleted": "Deleted"
    }
}